Source,File_Name,Loudness_LUFS
data3_audio,HC_U2_0138.wav,-30.839014522228922
data3_audio,HC_U2_0132.wav,-14.562878470072494
data3_audio,HC_U2_0141.wav,-19.460199346294498
data3_audio,PD_A1_0009.wav,-31.721582999775197
data3_audio,PD_A1_0021.wav,-50.62806994166758
data3_audio,PD_A1_0004.wav,-32.18644794173145
data3_audio,PD_A1_0016.wav,-28.296181065918322
data3_audio,PD_A1_0031.wav,-38.26204441105324
data3_audio,PD_A2_0009.wav,-28.703435906459877
data3_audio,PD_A2_0016.wav,-23.968554732788316
data3_audio,PD_A2_0004.wav,-33.347616766991486
data3_audio,PD_A2_0013.wav,-32.31126218082042
data3_audio,PD_A1_0109.wav,-35.02225915738454
data3_audio,PD_A1_0058.wav,-22.448437509334514
data3_audio,PD_A2_0040.wav,-32.33872961424433
data3_audio,PD_A3_0007.wav,-26.451192102110898
data3_audio,PD_A3_0009.wav,-30.26470903797458
data3_audio,PD_A2_0109.wav,-35.095927014733064
data3_audio,PD_A2_0115.wav,-30.514771581340142
data3_audio,PD_A2_0117.wav,-37.946407257814684
data3_audio,PD_A3_0016.wav,-25.77202952268785
data3_audio,PD_A3_0033.wav,-31.405083854925635
data3_audio,PD_A3_0109.wav,-32.70602080390932
data3_audio,PD_E1_0004.wav,-30.10718708913978
data3_audio,PD_E1_0021.wav,-35.80650378202583
data3_audio,PD_E1_0109.wav,-33.39037947645155
data3_audio,PD_E3_0007.wav,-9.701947170072573
data3_audio,PD_E2_0117.wav,-37.78791614310134
data3_audio,PD_E3_0016.wav,-28.39749107869015
data3_audio,PD_E2_0109.wav,-32.33582329860345
data3_audio,PD_E3_0021.wav,-33.565643542129536
data3_audio,PD_I1_0007.wav,-29.187250947015368
data3_audio,PD_I2_0004.wav,-31.45075196134599
data3_audio,PD_I2_0007.wav,-29.555940008222354
data3_audio,PD_I1_0117.wav,-35.806756229496244
data3_audio,PD_I3_0009.wav,-29.422829474838256
data3_audio,PD_I2_0109.wav,-34.15433133371714
data3_audio,PD_I2_0117.wav,-35.91708750105808
data3_audio,PD_I2_0115.wav,-28.34380164802853
data3_audio,PD_O1_0043.wav,-32.67766860812075
data3_audio,PD_O1_0109.wav,-28.51526375795119
data3_audio,PD_O1_0117.wav,-33.04927388626314
data3_audio,PD_O2_0040.wav,-33.57787658030718
data3_audio,PD_O2_0109.wav,-31.715005719074046
data3_audio,PD_O2_0115.wav,-30.444659371156842
data3_audio,PD_O3_0009.wav,-24.51628172325971
data3_audio,PD_O2_0117.wav,-34.08791726487744
data3_audio,PD_U1_0020.wav,-41.97480659930378
data3_audio,PD_U2_0117.wav,-34.35859053629436
data3_audio,PD_U1_0109.wav,-27.97768973255486
data3_audio,HC_A1_0053.wav,-45.66710171722971
data3_audio,HC_A1_0049.wav,-38.22941917389782
data3_audio,HC_A1_0051.wav,-35.26773669027921
data3_audio,HC_A1_0034.wav,-32.8000107302984
data3_audio,HC_A1_0036.wav,-34.104128826492385
data3_audio,HC_A1_0045.wav,-44.02708419811441
data3_audio,PD_U2_0109.wav,-27.974397932572703
data3_audio,HC_A1_0048.wav,-34.30312858367247
data3_audio,HC_A1_0074.wav,-37.8208302123586
data3_audio,HC_A1_0054.wav,-37.070625072252106
data3_audio,HC_A1_0083.wav,-40.04957810238763
data3_audio,HC_A1_0055.wav,-36.55014753058937
data3_audio,HC_A1_0064.wav,-38.09854335802456
data3_audio,HC_A1_0112.wav,-43.32628456522168
data3_audio,HC_A1_0081.wav,-36.14416604851425
data3_audio,HC_A1_0076.wav,-33.799884372695274
data3_audio,HC_A1_0056.wav,-33.73805422868825
data3_audio,HC_A1_0073.wav,-31.49497175092184
data3_audio,HC_A1_0071.wav,-33.78227491117912
data3_audio,HC_A1_0082.wav,-30.132413503833927
data3_audio,HC_A1_0086.wav,-36.59301263777269
data3_audio,HC_A1_0072.wav,-29.392130464586373
data3_audio,HC_A1_0061.wav,-27.46212237685767
data3_audio,HC_A1_0075.wav,-29.597853503947082
data3_audio,HC_A1_0060.wav,-27.34504959024062
data3_audio,HC_A1_0116.wav,-44.42138430066117
data3_audio,HC_A1_0085.wav,-27.919365221053535
data3_audio,HC_A1_0062.wav,-41.31028842911425
data3_audio,HC_A1_0065.wav,-35.45848111726173
data3_audio,HC_A1_0105.wav,-35.2484364511714
data3_audio,HC_A1_0052.wav,-33.12332929453569
data3_audio,HC_A1_0139.wav,-23.492878726242957
data3_audio,HC_A1_0129.wav,-21.04397991250166
data3_audio,HC_A1_0134.wav,-25.731160339013417
data3_audio,HC_A1_0141.wav,-27.781344929372228
data3_audio,HC_A1_0135.wav,-36.16315874395615
data3_audio,HC_A1_0121.wav,-42.041736548360646
data3_audio,HC_A1_0140.wav,-32.5808879052702
data3_audio,HC_A1_0120.wav,-41.44839007812256
data3_audio,HC_A1_0118.wav,-40.018332194625195
data3_audio,HC_A1_0138.wav,-31.589564591114435
data3_audio,HC_A2_0051.wav,-35.56342454922313
data3_audio,HC_A2_0055.wav,-38.27291318168405
data3_audio,HC_A2_0080.wav,-30.836562043894894
data3_audio,HC_A1_0145.wav,-30.902350550800175
data3_audio,HC_A2_0048.wav,-27.767565457092754
data3_audio,HC_A2_0034.wav,-32.19030486464256
data3_audio,HC_A2_0071.wav,-37.78926137487019
data3_audio,HC_A1_0144.wav,-34.85983620041886
data3_audio,HC_A2_0060.wav,-28.51637996874717
data3_audio,HC_A2_0083.wav,-35.094285179957794
data3_audio,HC_A2_0085.wav,-26.719209203606137
data3_audio,HC_A2_0049.wav,-35.862541536995785
data3_audio,HC_A2_0061.wav,-25.47758660395886
data3_audio,HC_A1_0143.wav,-41.452852622104785
data3_audio,HC_A2_0086.wav,-39.13533125048225
data3_audio,HC_A2_0073.wav,-27.8691792874348
data3_audio,HC_A2_0045.wav,-44.33802154788688
data3_audio,HC_A2_0053.wav,-43.17997590061498
data3_audio,HC_A2_0074.wav,-35.10300066515178
data3_audio,HC_A2_0076.wav,-32.15005322818445
data3_audio,HC_A2_0062.wav,-36.50456875651596
data3_audio,HC_A2_0081.wav,-35.3327076606309
data3_audio,HC_A2_0054.wav,-40.559796093788435
data3_audio,HC_A2_0052.wav,-33.51842472369464
data3_audio,HC_A2_0075.wav,-31.738192032361123
data3_audio,HC_A2_0063.wav,-38.14523321865816
data3_audio,HC_A2_0112.wav,-44.74688664367017
data3_audio,HC_A2_0120.wav,-40.362404523190406
data3_audio,HC_A2_0118.wav,-34.441175349871415
data3_audio,HC_A3_0034.wav,-33.5834736425807
data3_audio,HC_A2_0105.wav,-35.487756269032175
data3_audio,HC_A3_0129.wav,-25.612643147262915
data3_audio,HC_A2_0121.wav,-42.052055664491064
data3_audio,HC_A2_0116.wav,-40.15742711614831
data3_audio,HC_A2_0143.wav,-34.21424785086121
data3_audio,HC_A3_0141.wav,-26.50727680471929
data3_audio,HC_A2_0137.wav,-32.15933305199298
data3_audio,HC_E1_0112.wav,-41.881194429766545
data3_audio,HC_E1_0116.wav,-39.33648983319065
data3_audio,HC_E1_0105.wav,-34.91827241117776
data3_audio,HC_E1_0129.wav,-21.778710524647853
data3_audio,HC_E2_0053.wav,-45.54393227724683
data3_audio,HC_E1_0143.wav,-34.896747164420816
data3_audio,HC_E1_0120.wav,-40.23782200204328
data3_audio,HC_E2_0060.wav,-27.503667090996153
data3_audio,HC_E1_0134.wav,-26.60405559148676
data3_audio,HC_E1_0144.wav,-30.314538719202215
data3_audio,HC_E1_0118.wav,-37.79064385558545
data3_audio,HC_E1_0140.wav,-34.31904788210429
data3_audio,HC_E2_0049.wav,-37.95512532030889
data3_audio,HC_E1_0141.wav,-23.791626210471588
data3_audio,HC_E2_0055.wav,-38.26621209040903
data3_audio,HC_E1_0139.wav,-20.155962225389
data3_audio,HC_E2_0048.wav,-30.90295407969326
data3_audio,HC_E1_0121.wav,-41.47152532867587
data3_audio,HC_E2_0051.wav,-37.917664088147944
data3_audio,HC_E2_0054.wav,-40.13346392154909
data3_audio,HC_E2_0052.wav,-35.83538345714594
data3_audio,HC_E1_0131.wav,-13.192085218010993
data3_audio,HC_E2_0045.wav,-44.48465514622911
data3_audio,HC_E1_0145.wav,-32.59158587101011
data3_audio,HC_E2_0083.wav,-37.086876482602456
data3_audio,HC_E2_0075.wav,-29.099740518204708
data3_audio,HC_E2_0082.wav,-24.948621153454603
data3_audio,HC_E2_0086.wav,-36.93037843995234
data3_audio,HC_E2_0087.wav,-41.29505954058483
data3_audio,HC_E2_0081.wav,-33.05093663199006
data3_audio,HC_E2_0064.wav,-34.194479970860954
data3_audio,HC_E2_0065.wav,-36.580473266240375
data3_audio,HC_E2_0062.wav,-34.323379210899944
data3_audio,HC_E2_0076.wav,-28.673633184599982
data3_audio,HC_E2_0080.wav,-29.74961799733808
data3_audio,HC_E2_0063.wav,-37.01030562183472
data3_audio,HC_E2_0061.wav,-25.934822745383155
data3_audio,HC_E2_0072.wav,-30.323818460851598
data3_audio,HC_E2_0071.wav,-35.2664118997649
data3_audio,HC_E2_0073.wav,-26.45781345388488
data3_audio,HC_E2_0074.wav,-35.72785927718268
data3_audio,HC_E2_0085.wav,-27.831120625682683
data3_audio,HC_E2_0131.wav,-13.473913930114731
data3_audio,HC_E3_0034.wav,-9.691168008970871
data3_audio,HC_E2_0120.wav,-38.75155591345415
data3_audio,HC_E2_0105.wav,-37.39341699643407
data3_audio,HC_E2_0129.wav,-24.355872290390135
data3_audio,HC_E2_0137.wav,-30.675740040941402
data3_audio,HC_E2_0144.wav,-35.417420011751915
data3_audio,HC_E2_0118.wav,-32.30042130745463
data3_audio,HC_E2_0121.wav,-42.08368425477983
data3_audio,HC_E3_0131.wav,-18.127839215855
data3_audio,HC_E2_0116.wav,-38.34744179426972
data3_audio,HC_E2_0112.wav,-40.66464115746778
data3_audio,HC_I1_0063.wav,-36.76985023481327
data3_audio,HC_I1_0060.wav,-28.467878927992903
data3_audio,HC_I1_0054.wav,-35.038661763464134
data3_audio,HC_I1_0048.wav,-32.19643908896455
data3_audio,HC_I1_0052.wav,-37.289379010857736
data3_audio,HC_I1_0056.wav,-33.64284142766326
data3_audio,HC_I1_0053.wav,-44.2590604553317
data3_audio,HC_I1_0061.wav,-30.663294918000513
data3_audio,HC_I1_0064.wav,-37.44318207879786
data3_audio,HC_I1_0055.wav,-39.18105221413363
data3_audio,HC_I1_0051.wav,-37.617188353441186
data3_audio,HC_I1_0049.wav,-37.16909021034914
data3_audio,HC_I1_0062.wav,-39.57172678163613
data3_audio,HC_I1_0034.wav,-29.657174303890322
data3_audio,HC_I1_0045.wav,-45.95259062424206
data3_audio,HC_I1_0121.wav,-43.24673715513745
data3_audio,HC_I1_0081.wav,-33.92327672170039
data3_audio,HC_I1_0120.wav,-39.61823293906915
data3_audio,HC_I1_0076.wav,-36.14359307455505
data3_audio,HC_I1_0122.wav,-38.14005111555614
data3_audio,HC_I1_0080.wav,-30.499047004608162
data3_audio,HC_I1_0073.wav,-28.08534432314931
data3_audio,HC_I1_0074.wav,-37.55233314620079
data3_audio,HC_I1_0086.wav,-33.84687477791799
data3_audio,HC_I1_0087.wav,-38.258852825065496
data3_audio,HC_I1_0075.wav,-32.24463074248134
data3_audio,HC_I1_0118.wav,-38.57162304915513
data3_audio,HC_I1_0131.wav,-13.646530480616535
data3_audio,HC_I1_0071.wav,-34.24888337539999
data3_audio,HC_I1_0116.wav,-37.95227944383314
data3_audio,HC_I1_0083.wav,-37.07906520026321
data3_audio,HC_I1_0112.wav,-40.64070248461437
data3_audio,HC_I1_0105.wav,-36.13480486182312
data3_audio,HC_I1_0085.wav,-31.566187528186084
data3_audio,HC_I1_0072.wav,-36.427420776115035
data3_audio,HC_I1_0129.wav,-21.120944610687108
data3_audio,HC_I1_0082.wav,-26.711411162508487
data3_audio,HC_I1_0065.wav,-39.09959798955316
data3_audio,HC_I1_0141.wav,-24.093487050333753
data3_audio,HC_I2_0056.wav,-31.313802132893915
data3_audio,HC_I2_0055.wav,-38.800428665860245
data3_audio,HC_I1_0139.wav,-19.79739932556386
data3_audio,HC_I2_0054.wav,-40.08750353912313
data3_audio,HC_I1_0134.wav,-29.33890094461955
data3_audio,HC_I2_0072.wav,-36.25357469847834
data3_audio,HC_I1_0144.wav,-29.662746239772304
data3_audio,HC_I2_0051.wav,-38.153634596526295
data3_audio,HC_I2_0049.wav,-10.94452668360418
data3_audio,HC_I2_0062.wav,-36.569326010831276
data3_audio,HC_I1_0140.wav,-32.614217378218825
data3_audio,HC_I2_0053.wav,-44.226630051803085
data3_audio,HC_I2_0045.wav,-43.49565167738852
data3_audio,HC_I1_0138.wav,-28.577192962190324
data3_audio,HC_I2_0034.wav,-33.885531750891104
data3_audio,HC_I1_0145.wav,-34.39845076520121
data3_audio,HC_I2_0085.wav,-33.65335437611856
data3_audio,HC_I2_0121.wav,-44.478088375893805
data3_audio,HC_I2_0082.wav,-25.297354242570755
data3_audio,HC_I2_0129.wav,-22.621163491879198
data3_audio,HC_I2_0080.wav,-30.365353303173034
data3_audio,HC_I2_0076.wav,-34.568748815778264
data3_audio,HC_I2_0120.wav,-40.00318513698549
data3_audio,HC_I2_0086.wav,-36.995244784805486
data3_audio,HC_I2_0137.wav,-29.980573958001866
data3_audio,HC_I2_0116.wav,-35.49059715756019
data3_audio,HC_I2_0087.wav,-41.68016565524018
data3_audio,HC_I2_0083.wav,-36.12900106749934
data3_audio,HC_I2_0105.wav,-37.5959325576314
data3_audio,HC_I2_0073.wav,-28.14763778953232
data3_audio,HC_I2_0118.wav,-37.807596750440496
data3_audio,HC_I2_0112.wav,-38.2448386629005
data3_audio,HC_I2_0136.wav,-36.552061737394766
data3_audio,HC_I2_0081.wav,-32.72358832152379
data3_audio,HC_O1_0053.wav,-37.83453609918567
data3_audio,HC_O1_0064.wav,-36.51061000958015
data3_audio,HC_O1_0055.wav,-38.50767874380537
data3_audio,HC_O1_0073.wav,-32.95659891019905
data3_audio,HC_O1_0054.wav,-48.307572836208955
data3_audio,HC_O1_0080.wav,-30.95605991741972
data3_audio,HC_O1_0071.wav,-34.785522995012535
data3_audio,HC_O1_0076.wav,-32.59207217801996
data3_audio,HC_O1_0056.wav,-34.8293853376643
data3_audio,HC_O1_0045.wav,-43.55937413647416
data3_audio,HC_O1_0051.wav,-35.9336816765618
data3_audio,HC_O1_0074.wav,-38.31503043222761
data3_audio,HC_O1_0081.wav,-38.13641868131694
data3_audio,HC_O1_0052.wav,-36.44279306057428
data3_audio,HC_O1_0065.wav,-39.81024088325503
data3_audio,HC_O1_0063.wav,-36.73781308414607
data3_audio,HC_O1_0049.wav,-35.56170598741142
data3_audio,HC_O1_0062.wav,-39.45124065524041
data3_audio,HC_O1_0061.wav,-28.50804608826997
data3_audio,HC_O1_0060.wav,-30.91253069801846
data3_audio,HC_O1_0048.wav,-30.892272759953606
data3_audio,HC_O1_0072.wav,-29.882088760413655
data3_audio,HC_O1_0075.wav,-27.498468795846975
data3_audio,HC_O1_0112.wav,-41.04977725989237
data3_audio,HC_O1_0120.wav,-42.854289040558456
data3_audio,HC_O1_0141.wav,-25.886915621591278
data3_audio,HC_O1_0145.wav,-33.08692148851655
data3_audio,HC_O1_0118.wav,-36.31314017682925
data3_audio,HC_O1_0105.wav,-35.848679539475995
data3_audio,HC_O1_0082.wav,-31.270438289950466
data3_audio,HC_O1_0129.wav,-22.16549624674291
data3_audio,HC_O1_0116.wav,-37.953525617418016
data3_audio,HC_O1_0085.wav,-28.171049607228554
data3_audio,HC_O1_0087.wav,-40.348616635391615
data3_audio,HC_O1_0083.wav,-40.36041663632443
data3_audio,HC_O1_0140.wav,-27.47557684440903
data3_audio,HC_O1_0139.wav,-20.88952044475776
data3_audio,HC_O1_0121.wav,-43.99365750411166
data3_audio,HC_O1_0134.wav,-25.579655271651813
data3_audio,HC_O1_0086.wav,-35.88755957969962
data3_audio,HC_O1_0135.wav,-31.42438174269548
data3_audio,HC_O1_0143.wav,-34.10103367605418
data3_audio,HC_O1_0138.wav,-28.175115847028383
data3_audio,HC_O2_0087.wav,-41.82699469250201
data3_audio,HC_O2_0065.wav,-37.01947593299036
data3_audio,HC_O2_0055.wav,-37.79003141664681
data3_audio,HC_O2_0081.wav,-34.888423864641986
data3_audio,HC_O2_0064.wav,-34.64782227712686
data3_audio,HC_O2_0082.wav,-29.01397684859675
data3_audio,HC_O2_0045.wav,-46.97083750073188
data3_audio,HC_O2_0074.wav,-36.5995103968363
data3_audio,HC_O2_0072.wav,-29.013103546487603
data3_audio,HC_O2_0056.wav,-35.03333579398765
data3_audio,HC_O2_0086.wav,-36.244329407890014
data3_audio,HC_O2_0051.wav,-35.8488573996796
data3_audio,HC_O2_0048.wav,-46.81898307966141
data3_audio,HC_O2_0073.wav,-32.72408952376153
data3_audio,HC_O2_0075.wav,-30.333594776148033
data3_audio,HC_O2_0049.wav,-35.965961116607915
data3_audio,HC_O1_0144.wav,-31.561419269397348
data3_audio,HC_O2_0080.wav,-30.517469497092232
data3_audio,HC_O2_0054.wav,-40.85928542298225
data3_audio,HC_O2_0062.wav,-36.19408517000924
data3_audio,HC_O2_0053.wav,-42.77017849261747
data3_audio,HC_O2_0112.wav,-41.088033635711916
data3_audio,HC_O2_0061.wav,-27.786855974937577
data3_audio,HC_O2_0085.wav,-28.94369156730414
data3_audio,HC_O2_0071.wav,-33.722483867992615
data3_audio,HC_O2_0076.wav,-29.963389010563468
data3_audio,HC_O2_0083.wav,-36.79877832140095
data3_audio,HC_O2_0060.wav,-28.16062838325508
data3_audio,HC_O2_0122.wav,-34.38718975620719
data3_audio,HC_O2_0118.wav,-37.62713994049702
data3_audio,HC_O2_0143.wav,-29.17766369939893
data3_audio,HC_O2_0128.wav,-27.79797896230679
data3_audio,HC_O2_0121.wav,-44.767319966264125
data3_audio,HC_O2_0105.wav,-34.98687893755456
data3_audio,HC_O2_0136.wav,-33.21675598467858
data3_audio,HC_O2_0129.wav,-19.91394970263466
data3_audio,HC_O2_0116.wav,-35.16125530921714
data3_audio,HC_O2_0137.wav,-27.229260610887156
data3_audio,HC_O2_0120.wav,-39.03563110823599
data3_audio,HC_O3_0105.wav,-35.890584207402526
data3_audio,HC_O3_0034.wav,-35.43257290528673
data3_audio,HC_U1_0049.wav,-37.23064361886762
data3_audio,HC_U1_0045.wav,-43.643623234923815
data3_audio,HC_U1_0052.wav,-35.99525384527365
data3_audio,HC_U1_0048.wav,-31.73619921029528
data3_audio,HC_U1_0053.wav,-47.422309780957626
data3_audio,HC_U1_0082.wav,-29.916434385650415
data3_audio,HC_U1_0056.wav,-34.91926123571871
data3_audio,HC_U1_0072.wav,-34.6231450745419
data3_audio,HC_U1_0073.wav,-33.55874739456079
data3_audio,HC_U1_0076.wav,-31.877298077422374
data3_audio,HC_U1_0071.wav,-35.112108131115235
data3_audio,HC_U1_0085.wav,-29.668694436068158
data3_audio,HC_U1_0054.wav,-37.92159294275218
data3_audio,HC_U1_0065.wav,-38.50962581135562
data3_audio,HC_U1_0060.wav,-29.886812785633367
data3_audio,HC_U1_0083.wav,-43.755739023683205
data3_audio,HC_U1_0080.wav,-32.56598453813077
data3_audio,HC_U1_0074.wav,-37.3412640889627
data3_audio,HC_U1_0063.wav,-36.47621448299408
data3_audio,HC_U1_0062.wav,-40.112832320517455
data3_audio,HC_U1_0055.wav,-38.13500606163707
data3_audio,HC_U1_0081.wav,-37.86297438467744
data3_audio,HC_U1_0064.wav,-36.46669259652658
data3_audio,HC_U1_0061.wav,-31.2488838557648
data3_audio,HC_U1_0075.wav,-32.68664103159933
data3_audio,HC_U1_0131.wav,-22.18141345074679
data3_audio,HC_U1_0122.wav,-34.63545480989251
data3_audio,HC_U1_0134.wav,-28.5712988376924
data3_audio,HC_U1_0086.wav,-36.23199630242074
data3_audio,HC_U1_0120.wav,-41.8550091301568
data3_audio,HC_U1_0121.wav,-43.96594342392575
data3_audio,HC_U1_0136.wav,-27.896083306013065
data3_audio,HC_U1_0087.wav,-41.430876969472095
data3_audio,HC_U1_0116.wav,-34.0097539882603
data3_audio,HC_U1_0135.wav,-32.925418257592995
data3_audio,HC_U1_0118.wav,-37.801628534930714
data3_audio,HC_U1_0105.wav,-38.897391847246375
data3_audio,HC_U2_0105.wav,-36.65511336518229
data3_audio,HC_U2_0135.wav,-42.205957588063974
data3_audio,HC_U2_0116.wav,-38.19502584798194
data3_audio,HC_U1_0141.wav,-25.315855257334025
data3_audio,HC_U2_0121.wav,-41.61990509907371
data3_audio,HC_U2_0120.wav,-43.06778289206392
data3_audio,HC_U1_0138.wav,-26.42526026814015
data3_audio,HC_U2_0133.wav,-32.51139143662339
data3_audio,HC_U1_0145.wav,-35.99577373717008
data3_audio,HC_U2_0137.wav,-26.768815697878356
data3_audio,HC_U2_0136.wav,-33.05507704713788
data3_audio,HC_U1_0144.wav,-33.69085124619365
data3_audio,HC_U1_0140.wav,-28.150874972336453
data3_audio,HC_U2_0142.wav,-27.263935810147895
data3_audio,HC_U2_0118.wav,-37.22023019996776
data3_audio,HC_U2_0112.wav,-41.70776028684232
data3_audio,HC_U1_0139.wav,-25.009708361259232
data3_audio,HC_U2_0129.wav,-18.394181960594906
data3_audio,PD_A1_0015.wav,-30.07865305146045
data3_audio,PD_A1_0032.wav,-29.907068927475546
data3_audio,PD_A1_0039.wav,-24.23996213866396
data3_audio,PD_A1_0028.wav,-40.502883367235974
data3_audio,PD_A1_0030.wav,-39.078651253155826
data3_audio,PD_A1_0033.wav,-26.988989073946545
data3_audio,PD_A1_0017.wav,-34.44301010157607
data3_audio,PD_A1_0012.wav,-41.74095920045699
data3_audio,PD_A1_0029.wav,-44.47606544099953
data3_audio,PD_A1_0023.wav,-28.540454707235888
data3_audio,PD_A1_0018.wav,-41.229938665129225
data3_audio,PD_A1_0020.wav,-37.72455690185684
data3_audio,PD_A1_0008.wav,-32.02442006526666
data3_audio,PD_A1_0014.wav,-41.61849246474991
data3_audio,PD_A1_0010.wav,-28.824254491440964
data3_audio,PD_A1_0019.wav,-39.108443290561254
data3_audio,PD_A1_0035.wav,-34.69859983771635
data3_audio,PD_A1_0037.wav,-35.94585591728766
data3_audio,PD_A1_0040.wav,-37.822818357130124
data3_audio,PD_A1_0044.wav,-39.454185777257536
data3_audio,PD_A1_0013.wav,-34.43548872153468
data3_audio,HC_U2_0143.wav,-32.69502968673258
data3_audio,PD_A1_0047.wav,-26.670898057012703
data3_audio,PD_A1_0041.wav,-22.831844706011616
data3_audio,PD_A1_0026.wav,-22.488754126560888
data3_audio,PD_A1_0027.wav,-37.44610759120211
data3_audio,PD_A1_0007.wav,-28.947274618598684
data3_audio,PD_A1_0038.wav,-35.64537924955186
data3_audio,PD_A1_0025.wav,-44.233512117047006
data3_audio,PD_A1_0024.wav,-41.85806666309148
data3_audio,PD_A1_0043.wav,-36.2588108945522
data3_audio,PD_A1_0011.wav,-34.67195985635911
data3_audio,PD_A1_0022.wav,-32.23373961810269
data3_audio,PD_A1_0006.wav,-34.074032002399115
data3_audio,PD_A2_0014.wav,-41.925301447690046
data3_audio,PD_A2_0015.wav,-33.700794492866606
data3_audio,PD_A1_0078.wav,-52.56554125961694
data3_audio,PD_A1_0079.wav,-30.858853111887463
data3_audio,PD_A1_0046.wav,-27.907999052558495
data3_audio,PD_A2_0026.wav,-26.96211959996517
data3_audio,PD_A1_0115.wav,-29.09584134626851
data3_audio,PD_A2_0011.wav,-31.23295936241024
data3_audio,PD_A2_0018.wav,-42.3694278689017
data3_audio,PD_A2_0028.wav,-40.43985968155646
data3_audio,PD_A2_0025.wav,-39.082062529663474
data3_audio,PD_A2_0017.wav,-34.89808431647853
data3_audio,PD_A2_0029.wav,-43.13162308296534
data3_audio,PD_A1_0113.wav,-42.61684784697238
data3_audio,PD_A2_0035.wav,-37.11562317804871
data3_audio,PD_A2_0023.wav,-29.08149606554218
data3_audio,PD_A2_0027.wav,-36.99523452808905
data3_audio,PD_A2_0010.wav,-27.784490342486478
data3_audio,PD_A2_0008.wav,-30.738016138581948
data3_audio,PD_A1_0077.wav,-40.70378522596998
data3_audio,PD_A2_0037.wav,-37.962411461136746
data3_audio,PD_A2_0021.wav,-50.7337466066474
data3_audio,PD_A1_0067.wav,-43.057923455857605
data3_audio,PD_A2_0032.wav,-29.612762382072372
data3_audio,PD_A2_0022.wav,-33.140798688290225
data3_audio,PD_A2_0031.wav,-39.730845963916494
data3_audio,PD_A2_0030.wav,-39.96509373367916
data3_audio,PD_A1_0070.wav,-33.17650102503793
data3_audio,PD_A2_0024.wav,-43.69641504191483
data3_audio,PD_A2_0033.wav,-29.784125260568622
data3_audio,PD_A2_0038.wav,-34.10988259100645
data3_audio,PD_A2_0006.wav,-32.57127464451169
data3_audio,PD_A2_0012.wav,-39.68868839743506
data3_audio,PD_A2_0039.wav,-26.038792564854816
data3_audio,PD_A1_0111.wav,-40.188821886556795
data3_audio,PD_A2_0019.wav,-38.93622220594399
data3_audio,PD_A1_0117.wav,-37.472418116181636
data3_audio,PD_A1_0066.wav,-35.05757786115936
data3_audio,PD_A2_0007.wav,-27.319126579644216
data3_audio,PD_A2_0020.wav,-38.89878930233317
data3_audio,PD_A2_0047.wav,-22.5510748644767
data3_audio,PD_A3_0006.wav,-33.2251083068278
data3_audio,PD_A2_0058.wav,-18.672163091568155
data3_audio,PD_A2_0079.wav,-32.315805675375195
data3_audio,PD_A3_0012.wav,-40.90329284531026
data3_audio,PD_A2_0042.wav,-33.853240220841876
data3_audio,PD_A2_0066.wav,-37.68115718517417
data3_audio,PD_A2_0041.wav,-17.8370995925531
data3_audio,PD_A2_0070.wav,-34.307561802355856
data3_audio,PD_A2_0043.wav,-38.790793306193414
data3_audio,PD_A2_0067.wav,-44.879298153492854
data3_audio,PD_A2_0111.wav,-39.92487914436731
data3_audio,PD_A3_0004.wav,-32.45093078914324
data3_audio,PD_A2_0078.wav,-48.97558178493364
data3_audio,PD_A2_0077.wav,-33.699064333184815
data3_audio,PD_A2_0044.wav,-38.77808392945201
data3_audio,PD_A2_0046.wav,-26.122694736006256
data3_audio,PD_A3_0008.wav,-28.982069969022486
data3_audio,PD_A3_0011.wav,-25.254508449837733
data3_audio,PD_A2_0113.wav,-35.45681968618848
data3_audio,PD_A3_0018.wav,-42.25741677649401
data3_audio,PD_A3_0017.wav,-35.72142022091781
data3_audio,PD_A3_0015.wav,-34.3019387338757
data3_audio,PD_A3_0026.wav,-25.508579379042512
data3_audio,PD_A3_0029.wav,-42.85615983655786
data3_audio,PD_A3_0019.wav,-38.617446061827025
data3_audio,PD_A3_0020.wav,-39.402123546234826
data3_audio,PD_A3_0014.wav,-41.66181350280537
data3_audio,PD_A3_0013.wav,-32.64047578535295
data3_audio,PD_A3_0021.wav,-39.51620435936358
data3_audio,PD_A3_0022.wav,-32.423227000601116
data3_audio,PD_A3_0027.wav,-37.685847378493115
data3_audio,PD_A3_0025.wav,-38.91522545019845
data3_audio,PD_A3_0023.wav,-24.013674594949162
data3_audio,PD_A3_0030.wav,-35.71352101891067
data3_audio,PD_A3_0028.wav,-41.459066047031364
data3_audio,PD_A3_0024.wav,-41.781820860162924
data3_audio,PD_A3_0031.wav,-42.45326357480596
data3_audio,PD_A3_0032.wav,-30.080132263602575
data3_audio,PD_E1_0022.wav,-29.022130918496188
data3_audio,PD_E1_0023.wav,-39.16521784035482
data3_audio,PD_E1_0015.wav,-32.507930348158595
data3_audio,PD_E1_0027.wav,-38.111191065163254
data3_audio,PD_E1_0012.wav,-39.377842669528114
data3_audio,PD_E1_0007.wav,-25.80093460283614
data3_audio,PD_E1_0025.wav,-39.65430500886003
data3_audio,PD_E1_0009.wav,-26.105862997039793
data3_audio,PD_E1_0019.wav,-38.95494608872045
data3_audio,PD_E1_0011.wav,-23.923681011281975
data3_audio,PD_E1_0018.wav,-41.52640007158752
data3_audio,PD_E1_0016.wav,-27.933050445827977
data3_audio,PD_E1_0006.wav,-32.71058130755121
data3_audio,PD_E1_0017.wav,-35.705440133126324
data3_audio,PD_E1_0013.wav,-28.800873730483822
data3_audio,PD_E1_0014.wav,-41.38767573465245
data3_audio,PD_E1_0008.wav,-28.337955261974077
data3_audio,PD_E1_0010.wav,-24.528142156646695
data3_audio,PD_E1_0020.wav,-40.06052707548152
data3_audio,PD_E1_0024.wav,-42.663535666625606
data3_audio,PD_E1_0037.wav,-36.33441056415772
data3_audio,PD_E1_0070.wav,-36.19831973322301
data3_audio,PD_E1_0077.wav,-36.72321462416636
data3_audio,PD_E1_0067.wav,-41.96068053827068
data3_audio,PD_E1_0044.wav,-37.69431468547604
data3_audio,PD_E1_0041.wav,-19.70170547038919
data3_audio,PD_E1_0035.wav,-36.06361482619599
data3_audio,PD_E1_0029.wav,-42.365978494000146
data3_audio,PD_E1_0028.wav,-39.650114624571906
data3_audio,PD_E1_0047.wav,-25.637511087083322
data3_audio,PD_E1_0038.wav,-34.059007261059655
data3_audio,PD_E1_0066.wav,-31.878193241019144
data3_audio,PD_E1_0078.wav,-51.630032606506745
data3_audio,PD_E1_0046.wav,-25.95963241058322
data3_audio,PD_E1_0032.wav,-30.23197542178492
data3_audio,PD_E1_0043.wav,-34.16302581779094
data3_audio,PD_E1_0040.wav,-31.352761294081784
data3_audio,PD_E1_0026.wav,-25.26802682428994
data3_audio,PD_E1_0031.wav,-38.84366689114226
data3_audio,PD_E1_0058.wav,-18.55055782384118
data3_audio,PD_E1_0030.wav,-35.56889285501308
data3_audio,PD_E1_0033.wav,-28.10710894656068
data3_audio,PD_E1_0039.wav,-27.35641087037258
data3_audio,PD_E1_0115.wav,-28.42204484814957
data3_audio,PD_E2_0004.wav,-30.65112368870289
data3_audio,PD_E2_0008.wav,-29.850800626371175
data3_audio,PD_E1_0117.wav,-39.254364391669526
data3_audio,PD_E2_0023.wav,-9.388604175486732
data3_audio,PD_E2_0031.wav,-39.459096219922095
data3_audio,PD_E2_0018.wav,-9.784466260680086
data3_audio,PD_E2_0013.wav,-29.92055344924073
data3_audio,PD_E2_0011.wav,-20.912875216173976
data3_audio,PD_E2_0009.wav,-25.09651398920815
data3_audio,PD_E2_0014.wav,-10.609603787922728
data3_audio,PD_E2_0029.wav,-41.26193359319619
data3_audio,PD_E2_0007.wav,-25.40038209863552
data3_audio,PD_E1_0113.wav,-40.35802603954194
data3_audio,PD_E2_0030.wav,-35.60883811580023
data3_audio,PD_E2_0012.wav,-39.19982232559286
data3_audio,PD_E2_0010.wav,-28.181116696868077
data3_audio,PD_E2_0022.wav,-9.45879164006712
data3_audio,PD_E1_0111.wav,-36.95964022143435
data3_audio,PD_E2_0032.wav,-30.836566629198703
data3_audio,PD_E2_0027.wav,-35.63652893767894
data3_audio,PD_E2_0024.wav,-9.370738903302827
data3_audio,PD_E2_0028.wav,-38.680642408472586
data3_audio,PD_E2_0006.wav,-32.888953028439694
data3_audio,PD_E1_0079.wav,-29.59162838470788
data3_audio,PD_E2_0047.wav,-22.228051229373136
data3_audio,PD_E2_0058.wav,-16.845543866346862
data3_audio,PD_E2_0044.wav,-38.98093098582959
data3_audio,PD_E2_0043.wav,-36.349254255533836
data3_audio,PD_E2_0037.wav,-34.76436034130316
data3_audio,PD_E2_0039.wav,-26.03996371224359
data3_audio,PD_E2_0042.wav,-33.95914043364771
data3_audio,PD_E2_0033.wav,-28.765918768279324
data3_audio,PD_E2_0040.wav,-31.640456750745305
data3_audio,PD_E2_0038.wav,-35.46533937738005
data3_audio,PD_E2_0041.wav,-21.651196961159545
data3_audio,PD_E2_0046.wav,-23.890874106355014
data3_audio,PD_E2_0035.wav,-37.16479751928537
data3_audio,PD_E3_0029.wav,-40.80758159695266
data3_audio,PD_E2_0111.wav,-37.56538057731744
data3_audio,PD_E3_0017.wav,-36.57884884466352
data3_audio,PD_E2_0067.wav,-40.9753512842701
data3_audio,PD_E3_0022.wav,-29.277881241846135
data3_audio,PD_E3_0004.wav,-9.81946386962845
data3_audio,PD_E3_0012.wav,-9.801289385661885
data3_audio,PD_E3_0024.wav,-42.161489628914474
data3_audio,PD_E3_0027.wav,-35.46680691384905
data3_audio,PD_E3_0020.wav,-37.47071355368003
data3_audio,PD_E3_0008.wav,-9.720266443132475
data3_audio,PD_E3_0026.wav,-25.933914807338635
data3_audio,PD_E3_0032.wav,-32.227566196410336
data3_audio,PD_E3_0023.wav,-30.981059917157797
data3_audio,PD_E3_0011.wav,-9.631857671036673
data3_audio,PD_E2_0077.wav,-10.032547384024104
data3_audio,PD_E3_0030.wav,-35.240515736102296
data3_audio,PD_E3_0015.wav,-31.487568756661673
data3_audio,PD_E2_0079.wav,-9.645459221060797
data3_audio,PD_E3_0028.wav,-39.21408068340983
data3_audio,PD_E2_0113.wav,-35.419128013599234
data3_audio,PD_E3_0031.wav,-37.09983006890138
data3_audio,PD_E2_0115.wav,-28.40016690020915
data3_audio,PD_E3_0019.wav,-38.758495236349226
data3_audio,PD_E3_0025.wav,-38.806959579402516
data3_audio,PD_E3_0033.wav,-30.923822342032008
data3_audio,PD_E3_0018.wav,-42.7282950039447
data3_audio,PD_E2_0070.wav,-33.29830524030765
data3_audio,PD_I1_0008.wav,-28.886493922443222
data3_audio,PD_I1_0006.wav,-31.97302605474662
data3_audio,PD_I1_0004.wav,-31.8965303718968
data3_audio,PD_I1_0010.wav,-27.965177056426423
data3_audio,PD_I1_0011.wav,-27.54575492612308
data3_audio,PD_I1_0020.wav,-40.55338168488464
data3_audio,PD_I1_0033.wav,-32.15925483928177
data3_audio,PD_I1_0015.wav,-32.39483172622017
data3_audio,PD_I1_0027.wav,-34.04751557771355
data3_audio,PD_I1_0023.wav,-39.31081937808291
data3_audio,PD_I1_0022.wav,-29.538471141674275
data3_audio,PD_I1_0028.wav,-37.31749996833873
data3_audio,PD_I1_0024.wav,-43.216635327119505
data3_audio,PD_I1_0030.wav,-38.00984939194411
data3_audio,PD_I1_0026.wav,-31.37358119182776
data3_audio,PD_I1_0014.wav,-41.96430900151191
data3_audio,PD_I1_0017.wav,-35.82454317135123
data3_audio,PD_I1_0031.wav,-36.95546104289154
data3_audio,PD_I1_0035.wav,-35.11874940363989
data3_audio,PD_I1_0018.wav,-41.045011861633895
data3_audio,PD_I1_0012.wav,-37.83077675928903
data3_audio,PD_I1_0016.wav,-31.85057359330094
data3_audio,PD_I1_0029.wav,-41.63197518273511
data3_audio,PD_I1_0032.wav,-32.51838242057914
data3_audio,PD_I1_0037.wav,-33.09111627446468
data3_audio,PD_I1_0021.wav,-31.56623796167563
data3_audio,PD_I1_0009.wav,-31.095338303596424
data3_audio,PD_I1_0025.wav,-36.612753663475324
data3_audio,PD_I1_0013.wav,-30.781248860646176
data3_audio,PD_I1_0019.wav,-40.22512977900781
data3_audio,PD_I1_0040.wav,-32.20978326717054
data3_audio,PD_I1_0077.wav,-36.269736680449455
data3_audio,PD_I1_0066.wav,-33.35381856254218
data3_audio,PD_I1_0046.wav,-29.820809942555822
data3_audio,PD_I1_0067.wav,-38.590149960126006
data3_audio,PD_I1_0042.wav,-33.98805415511923
data3_audio,PD_I1_0079.wav,-30.35917216827512
data3_audio,PD_I1_0038.wav,-35.18330370530475
data3_audio,PD_I1_0047.wav,-27.23811290622667
data3_audio,PD_I1_0109.wav,-31.82363690726729
data3_audio,PD_I1_0044.wav,-37.16913211346953
data3_audio,PD_I1_0113.wav,-38.546621554614795
data3_audio,PD_I1_0043.wav,-38.13499256726695
data3_audio,PD_I1_0039.wav,-27.965664026028907
data3_audio,PD_I1_0070.wav,-38.822654267599034
data3_audio,PD_I1_0058.wav,-20.51688530053629
data3_audio,PD_I1_0078.wav,-50.605699253784394
data3_audio,PD_I1_0041.wav,-22.022610429034703
data3_audio,PD_I2_0028.wav,-36.69228671343639
data3_audio,PD_I2_0015.wav,-32.99349327517175
data3_audio,PD_I2_0017.wav,-34.317450028628926
data3_audio,PD_I2_0008.wav,-29.990659526946356
data3_audio,PD_I2_0027.wav,-34.231774174601746
data3_audio,PD_I2_0014.wav,-41.730441031512036
data3_audio,PD_I2_0006.wav,-31.185811588605535
data3_audio,PD_I2_0021.wav,-33.552999589494824
data3_audio,PD_I2_0037.wav,-33.136029851206565
data3_audio,PD_I2_0009.wav,-28.877515500948093
data3_audio,PD_I2_0025.wav,-38.140840486023684
data3_audio,PD_I2_0019.wav,-39.240710855257895
data3_audio,PD_I2_0031.wav,-36.898527082882694
data3_audio,PD_I2_0011.wav,-30.32346843502682
data3_audio,PD_I2_0032.wav,-34.4003434607625
data3_audio,PD_I2_0016.wav,-31.595989140568374
data3_audio,PD_I2_0026.wav,-30.981290104414168
data3_audio,PD_I2_0035.wav,-36.761513216763795
data3_audio,PD_I1_0115.wav,-28.01625414420553
data3_audio,PD_I2_0022.wav,-29.424377059591265
data3_audio,PD_I2_0030.wav,-37.91135885942309
data3_audio,PD_I2_0024.wav,-36.06444632226377
data3_audio,PD_I2_0012.wav,-40.04915561898964
data3_audio,PD_I2_0029.wav,-41.250911240042754
data3_audio,PD_I2_0013.wav,-32.61270019011277
data3_audio,PD_I2_0020.wav,-41.51083847689556
data3_audio,PD_I2_0033.wav,-33.36525417498798
data3_audio,PD_I2_0018.wav,-40.674656542703936
data3_audio,PD_I2_0023.wav,-30.630881972804566
data3_audio,PD_I1_0111.wav,-37.727330607871615
data3_audio,PD_I2_0010.wav,-28.049955341255004
data3_audio,PD_I2_0039.wav,-28.16243908407212
data3_audio,PD_I2_0067.wav,-38.408783655557386
data3_audio,PD_I2_0044.wav,-38.02333152299684
data3_audio,PD_I2_0040.wav,-31.800999094624824
data3_audio,PD_I2_0046.wav,-30.328704407008765
data3_audio,PD_I2_0043.wav,-33.753360560534404
data3_audio,PD_I2_0070.wav,-32.27293403675845
data3_audio,PD_I2_0047.wav,-26.274643625239488
data3_audio,PD_I2_0078.wav,-49.30602526644842
data3_audio,PD_I2_0038.wav,-34.41833378722307
data3_audio,PD_I2_0058.wav,-17.691592718676354
data3_audio,PD_I2_0077.wav,-29.868094693891525
data3_audio,PD_I2_0041.wav,-21.19802541810075
data3_audio,PD_I2_0066.wav,-31.459238903619006
data3_audio,PD_I2_0079.wav,-29.51593565221287
data3_audio,PD_I3_0004.wav,-31.954018678961
data3_audio,PD_I3_0026.wav,-30.6673011670614
data3_audio,PD_I3_0010.wav,-29.473101899192965
data3_audio,PD_I3_0014.wav,-41.920297338699
data3_audio,PD_I3_0006.wav,-31.60480104619162
data3_audio,PD_I3_0011.wav,-30.509757509603954
data3_audio,PD_I3_0023.wav,-31.72713595348971
data3_audio,PD_I2_0113.wav,-35.17702910722654
data3_audio,PD_I3_0024.wav,-34.831134654855916
data3_audio,PD_I3_0018.wav,-40.93654347821979
data3_audio,PD_I3_0031.wav,-39.022075821543275
data3_audio,PD_I3_0028.wav,-37.09276360522933
data3_audio,PD_I3_0016.wav,-29.031584981167537
data3_audio,PD_I3_0027.wav,-34.29119679473751
data3_audio,PD_I3_0008.wav,-30.292591887481393
data3_audio,PD_I3_0021.wav,-33.86444886959994
data3_audio,PD_I3_0020.wav,-40.758663718954175
data3_audio,PD_I3_0019.wav,-39.53969578411642
data3_audio,PD_I2_0111.wav,-37.37529433436701
data3_audio,PD_I3_0029.wav,-43.738431879686104
data3_audio,PD_I3_0022.wav,-30.23482536356536
data3_audio,PD_I3_0013.wav,-30.742088391745465
data3_audio,PD_I3_0025.wav,-37.895821809515716
data3_audio,PD_I3_0032.wav,-33.698668137315266
data3_audio,PD_I3_0007.wav,-29.409821159266134
data3_audio,PD_O1_0010.wav,-9.648580324672299
data3_audio,PD_O1_0007.wav,-10.058130560952845
data3_audio,PD_O1_0023.wav,-33.461916683999846
data3_audio,PD_O1_0020.wav,-40.43275430101084
data3_audio,PD_O1_0032.wav,-32.22159103959062
data3_audio,PD_O1_0028.wav,-41.010194867329425
data3_audio,PD_O1_0026.wav,-31.449964740927456
data3_audio,PD_O1_0029.wav,-41.594351788547385
data3_audio,PD_O1_0022.wav,-32.305276050195395
data3_audio,PD_O1_0006.wav,-32.88452729813648
data3_audio,PD_O1_0033.wav,-29.53414182861288
data3_audio,PD_O1_0031.wav,-43.69456450131642
data3_audio,PD_O1_0025.wav,-39.85811405978318
data3_audio,PD_O1_0027.wav,-35.36013802172571
data3_audio,PD_O1_0021.wav,-36.63428337949977
data3_audio,PD_O1_0015.wav,-8.710615193266054
data3_audio,PD_I3_0030.wav,-38.36245384848746
data3_audio,PD_O1_0004.wav,-34.26026531933716
data3_audio,PD_O1_0024.wav,-36.48943085656384
data3_audio,PD_O1_0009.wav,-9.460397908156699
data3_audio,PD_I3_0033.wav,-34.22673181688228
data3_audio,PD_O1_0035.wav,-36.39903199163049
data3_audio,PD_O1_0037.wav,-32.48331606574046
data3_audio,PD_O1_0030.wav,-35.56507255592291
data3_audio,PD_O1_0014.wav,-8.972313931618723
data3_audio,PD_O1_0047.wav,-26.492749790798488
data3_audio,PD_O1_0038.wav,-37.48411788298728
data3_audio,PD_O1_0077.wav,-37.26238078600412
data3_audio,PD_O1_0046.wav,-25.909442668061693
data3_audio,PD_O1_0058.wav,-20.890373520063264
data3_audio,PD_O2_0007.wav,-24.484249311115708
data3_audio,PD_O1_0039.wav,-24.467068869739425
data3_audio,PD_O1_0111.wav,-34.93368829227219
data3_audio,PD_O1_0070.wav,-33.3367524989184
data3_audio,PD_O1_0115.wav,-27.115796983584975
data3_audio,PD_O1_0078.wav,-54.02527962272197
data3_audio,PD_O1_0066.wav,-34.40536168450328
data3_audio,PD_O1_0040.wav,-34.77735577916536
data3_audio,PD_O1_0042.wav,-32.18642799758225
data3_audio,PD_O1_0041.wav,-21.996203292846648
data3_audio,PD_O1_0067.wav,-43.26598173065062
data3_audio,PD_O2_0006.wav,-32.52778423782222
data3_audio,PD_O1_0044.wav,-38.59369584734792
data3_audio,PD_O1_0079.wav,-35.03085342266414
data3_audio,PD_O1_0113.wav,-34.301045853619534
data3_audio,PD_O2_0008.wav,-28.276110299956333
data3_audio,PD_O2_0020.wav,-41.18275364278356
data3_audio,PD_O2_0009.wav,-24.585332640968968
data3_audio,PD_O2_0026.wav,-35.07714601932293
data3_audio,PD_O2_0023.wav,-33.46853021559045
data3_audio,PD_O2_0030.wav,-35.47162766314938
data3_audio,PD_O2_0010.wav,-29.800381552739463
data3_audio,PD_O2_0004.wav,-34.29486334248037
data3_audio,PD_O2_0027.wav,-35.73467618844664
data3_audio,PD_O2_0028.wav,-41.68385481245916
data3_audio,PD_O2_0013.wav,-29.99729490711344
data3_audio,PD_O2_0017.wav,-37.11572713374937
data3_audio,PD_O2_0018.wav,-39.355932756721316
data3_audio,PD_O2_0014.wav,-43.46966338271718
data3_audio,PD_O2_0029.wav,-42.868805332802616
data3_audio,PD_O2_0032.wav,-34.41531941735207
data3_audio,PD_O2_0022.wav,-30.931419463091544
data3_audio,PD_O2_0031.wav,-45.22421619189783
data3_audio,PD_O2_0012.wav,-41.134420640084954
data3_audio,PD_O2_0016.wav,-32.83869342852761
data3_audio,PD_O2_0025.wav,-40.48023257114112
data3_audio,PD_O2_0019.wav,-39.09245164464877
data3_audio,PD_O2_0011.wav,-20.06809963770823
data3_audio,PD_O2_0015.wav,-33.644185562044946
data3_audio,PD_O2_0024.wav,-38.27000471214507
data3_audio,PD_O2_0021.wav,-34.6500064014268
data3_audio,PD_O3_0004.wav,-30.93729856628893
data3_audio,PD_O2_0078.wav,-50.006099825056744
data3_audio,PD_O3_0019.wav,-38.488453734721496
data3_audio,PD_O3_0008.wav,-28.854677251865695
data3_audio,PD_O3_0013.wav,-31.45498233704929
data3_audio,PD_O3_0023.wav,-34.681121284884306
data3_audio,PD_O3_0016.wav,-30.119417508766368
data3_audio,PD_O3_0006.wav,-32.24292512668252
data3_audio,PD_O3_0011.wav,-19.507884364972924
data3_audio,PD_O3_0007.wav,-26.056367355976498
data3_audio,PD_O3_0022.wav,-32.742679189426724
data3_audio,PD_O2_0046.wav,-26.3782803127124
data3_audio,PD_O3_0020.wav,-40.89931015788574
data3_audio,PD_O2_0058.wav,-20.129592632656973
data3_audio,PD_O2_0038.wav,-36.28851762950822
data3_audio,PD_O2_0043.wav,-31.530495115100635
data3_audio,PD_O3_0014.wav,-43.456537557008026
data3_audio,PD_O2_0067.wav,-42.80240071993249
data3_audio,PD_O2_0079.wav,-32.60785032534245
data3_audio,PD_O3_0021.wav,-34.371315178069864
data3_audio,PD_O2_0047.wav,-25.857796302722058
data3_audio,PD_O2_0033.wav,-31.16189229489002
data3_audio,PD_O2_0041.wav,-22.55666367824275
data3_audio,PD_O2_0113.wav,-37.42019955938538
data3_audio,PD_O2_0077.wav,-31.681234929950858
data3_audio,PD_O3_0017.wav,-35.59128185886827
data3_audio,PD_O3_0018.wav,-39.47733033356154
data3_audio,PD_O2_0066.wav,-35.02771790012733
data3_audio,PD_O3_0012.wav,-42.02877442927652
data3_audio,PD_O2_0037.wav,-36.726229249558905
data3_audio,PD_O2_0070.wav,-32.937279812080845
data3_audio,PD_O2_0039.wav,-24.343164085660042
data3_audio,PD_O2_0044.wav,-40.30098062591764
data3_audio,PD_O3_0010.wav,-30.85160356006667
data3_audio,PD_O2_0111.wav,-34.88718297958067
data3_audio,PD_O3_0031.wav,-44.05485822605206
data3_audio,PD_O3_0030.wav,-35.66368911869043
data3_audio,PD_O3_0029.wav,-40.22758297476737
data3_audio,PD_O3_0024.wav,-37.66233334417004
data3_audio,PD_O3_0028.wav,-42.28948421657514
data3_audio,PD_O3_0033.wav,-29.925204798756628
data3_audio,PD_O3_0025.wav,-40.843907626265405
data3_audio,PD_O3_0027.wav,-36.104655692185474
data3_audio,PD_O3_0026.wav,-32.9423856683979
data3_audio,PD_O3_0032.wav,-35.171492398494316
data3_audio,PD_U1_0011.wav,-23.66717245764256
data3_audio,PD_U1_0014.wav,-42.27150225880746
data3_audio,PD_U1_0018.wav,-36.72844271079152
data3_audio,PD_U1_0017.wav,-35.080544702274146
data3_audio,PD_U1_0021.wav,-30.33851091531208
data3_audio,PD_U1_0019.wav,-38.63143721703639
data3_audio,PD_U1_0008.wav,-28.90742446693987
data3_audio,PD_U1_0009.wav,-30.040676228423866
data3_audio,PD_U1_0004.wav,-31.1390028507303
data3_audio,PD_U1_0012.wav,-39.12596506003684
data3_audio,PD_U1_0007.wav,-27.47567871921915
data3_audio,PD_U1_0013.wav,-31.863257523441643
data3_audio,PD_U1_0016.wav,-30.660042674018804
data3_audio,PD_U1_0010.wav,-27.546785241296597
data3_audio,PD_U1_0015.wav,-34.37912412412045
data3_audio,PD_U1_0038.wav,-36.83535625817615
data3_audio,PD_U2_0111.wav,-35.91581498605517
data3_audio,PD_U3_0109.wav,-28.420036470886362
data3_audio,PD_U1_0115.wav,-30.138387594758495
data3_audio,HC_A1_0122.wav,-44.25954829865407
data3_audio,PD_U1_0043.wav,-30.945012837920988
data3_audio,PD_U1_0033.wav,-33.71878349318605
data3_audio,HC_A1_0128.wav,-36.79812116241656
data3_audio,PD_U1_0047.wav,-28.240961104215348
data3_audio,PD_U1_0026.wav,-34.61920059436302
data3_audio,PD_U2_0113.wav,-35.261958027754694
data3_audio,PD_U1_0035.wav,-38.60091458377309
data3_audio,PD_U1_0032.wav,-33.23719951198519
data3_audio,PD_U1_0027.wav,-33.408873561113666
data3_audio,PD_U1_0029.wav,-40.65960693863895
data3_audio,PD_U1_0111.wav,-35.134238655642655
data3_audio,PD_U1_0041.wav,-23.09966863483843
data3_audio,PD_U1_0028.wav,-38.699016382609415
data3_audio,PD_U1_0025.wav,-38.24489634492019
data3_audio,PD_U1_0023.wav,-34.226951007526026
data3_audio,PD_U1_0031.wav,-41.61949136007325
data3_audio,PD_U1_0037.wav,-33.0710677023741
data3_audio,PD_U1_0040.wav,-36.52046582674415
data3_audio,PD_U1_0030.wav,-34.78524005404216
data3_audio,PD_U1_0113.wav,-33.73389166369665
data3_audio,PD_U1_0046.wav,-27.15588734987983
data3_audio,PD_U1_0117.wav,-36.2237760171993
data3_audio,PD_U1_0044.wav,-38.8150801204998
data3_audio,PD_U1_0024.wav,-36.106303541421305
data3_audio,PD_U1_0058.wav,-22.583768801805164
data3_audio,PD_U1_0022.wav,-33.28786541473842
data3_audio,PD_U1_0042.wav,-30.387536116979113
data3_audio,PD_U1_0039.wav,-23.865053251798802
data3_audio,PD_U2_0115.wav,-28.694651798726973
data3_audio,PD_U1_0066.wav,-34.48117831964287
data3_audio,PD_U1_0067.wav,-41.072743468991106
data3_audio,HC_A1_0142.wav,-25.117304779229322
data3_audio,HC_A2_0128.wav,-30.973754028394172
data3_audio,HC_E1_0136.wav,-30.973182655364326
data3_audio,HC_A1_0131.wav,-16.574570835704094
data3_audio,HC_E1_0122.wav,-39.26073744098501
data3_audio,HC_A2_0036.wav,-33.54482428301264
data3_audio,HC_E1_0128.wav,-33.19679790979274
data3_audio,HC_A2_0122.wav,-40.576099057651604
data3_audio,HC_A1_0137.wav,-34.558985680204984
data3_audio,HC_A1_0136.wav,-35.04704628535192
data3_audio,HC_E1_0133.wav,-31.78969755684936
data3_audio,HC_E1_0130.wav,-23.6578418915352
data3_audio,HC_A1_0133.wav,-36.16558893457418
data3_audio,HC_A2_0136.wav,-36.48366517505875
data3_audio,HC_E2_0036.wav,-32.91700935152877
data3_audio,HC_E2_0034.wav,-30.93604992398765
data3_audio,HC_E2_0136.wav,-37.81073476119755
data3_audio,HC_E1_0142.wav,-25.63754221344749
data3_audio,HC_E1_0137.wav,-32.83824055740759
data3_audio,HC_E2_0143.wav,-34.261531742137244
data3_audio,HC_E2_0122.wav,-38.55965282095818
data3_audio,HC_E2_0128.wav,-28.478329958732274
data3_audio,HC_I1_0128.wav,-30.169952887101953
data3_audio,HC_I1_0143.wav,-37.4920160952761
data3_audio,HC_I1_0130.wav,-21.830306127658726
data3_audio,HC_I1_0137.wav,-32.66909366221098
data3_audio,HC_I1_0142.wav,-26.422899837658516
data3_audio,HC_I1_0036.wav,-31.89995374827905
data3_audio,HC_I1_0133.wav,-31.358618916694642
data3_audio,HC_I2_0052.wav,-37.37144245173468
data3_audio,HC_O1_0137.wav,-31.744920282640567
data3_audio,HC_I3_0034.wav,-32.05390791543965
data3_audio,HC_O1_0133.wav,-31.945904243220827
data3_audio,HC_O1_0142.wav,-24.415500216962098
data3_audio,HC_O1_0128.wav,-32.51294547255662
data3_audio,HC_O1_0036.wav,-32.860869424689895
data3_audio,HC_I2_0128.wav,-25.999109865679305
data3_audio,HC_O1_0122.wav,-34.853749010619474
data3_audio,HC_I2_0122.wav,-38.46607151659746
data3_audio,HC_O1_0034.wav,-34.17495009534483
data3_audio,HC_O2_0052.wav,-37.94140675101353
data3_audio,HC_O2_0063.wav,-27.339717812908827
data3_audio,HC_O2_0034.wav,-34.75597688150588
data3_audio,HC_U1_0129.wav,-18.293175735373627
data3_audio,HC_U1_0034.wav,-35.0298735007948
data3_audio,HC_U1_0112.wav,-42.31812871175402
data3_audio,HC_U1_0036.wav,-29.93545836709299
data3_audio,HC_U1_0051.wav,-34.86478974593314
data3_audio,PD_A1_0042.wav,-34.96275502553512
data3_audio,HC_U2_0128.wav,-30.243779773489315
data3_audio,HC_U1_0133.wav,-30.829773532285778
data3_audio,HC_U1_0137.wav,-32.74643214713534
data3_audio,HC_U1_0143.wav,-35.58333755888951
data3_audio,HC_U2_0122.wav,-34.220645604103154
data3_audio,HC_U1_0142.wav,-25.69737225463782
data3_audio,PD_E1_0042.wav,-34.31145995883221
data3_audio,PD_E2_0066.wav,-32.64782775758746
data3_audio,PD_I2_0042.wav,-33.75197119027351
data3_audio,PD_O2_0035.wav,-38.850501949887025
data3_audio,PD_O2_0042.wav,-32.61085326555816
data3_audio,HC_A1_0130.wav,-24.19500324865128
data3_audio,HC_O1_0136.wav,-32.07396338308873
data3_audio,HC_O1_0130.wav,-25.433525649303583
data3_audio,HC_I1_0136.wav,-33.94458531835663
data3_audio,HC_I2_0143.wav,-34.595762034172274
data3_audio,HC_U1_0128.wav,-24.968601831161987
data3_audio,HC_U1_0130.wav,-24.29691561105759
data3_audio,HC_O1_0084.wav,-36.5881262026935
data3_audio,HC_I2_0069.wav,-39.336723194434924
data3_audio,HC_I2_0063.wav,-11.535112744026389
data3_audio,HC_O1_0068.wav,-34.76265820104687
data3_audio,HC_I2_0084.wav,-40.08547998758233
data3_audio,HC_O1_0069.wav,-39.006365880300876
data3_audio,HC_I2_0068.wav,-32.870282880263034
data3_audio,PD_E1_0059.wav,-35.23022252171048
data3_audio,HC_A2_0084.wav,-27.65199345761931
data3_audio,PD_O1_0059.wav,-36.28896387433727
data3_audio,HC_A2_0068.wav,-28.48531994818189
data3_audio,HC_A2_0069.wav,-44.528714041470344
data3_audio,HC_A1_0068.wav,-33.340475804915116
data3_audio,HC_A1_0069.wav,-41.230776857327015
data3_audio,HC_A1_0084.wav,-42.421250680805905
data3_audio,HC_I1_0084.wav,-31.79306645270841
data3_audio,HC_I1_0068.wav,-28.376183590859696
data3_audio,HC_O2_0084.wav,-41.45236436955959
data3_audio,HC_U1_0069.wav,-39.42545896758431
data3_audio,PD_U1_0059.wav,-37.23638229865959
data3_audio,HC_U1_0068.wav,-33.87489530404502
data3_audio,PD_E2_0078.wav,-9.744279950737717
data3_audio,PD_A1_0059.wav,-36.97163128354237
data3_audio,HC_U1_0084.wav,-34.28140108681499
data3_audio,HC_E2_0068.wav,-30.607343439342955
data3_audio,HC_E2_0084.wav,-41.076747953886844
data3_audio,HC_E2_0069.wav,-39.21457759407517
data3_audio,PD_I1_0059.wav,-35.09352653039925
data3_audio,HC_O2_0069.wav,-40.820648606061674
data3_audio,HC_O2_0068.wav,-35.91578508835795
data3_audio,HC_I1_0069.wav,-39.800940199880536
data3_audio,HC_A1_0063.wav,-38.92978123787511
data3_audio,HC_A1_0087.wav,-39.47103108030687
data3_audio,HC_A1_0132.wav,-23.847759245362784
data3_audio,HC_A1_0080.wav,-32.32419971699835
data3_audio,HC_A2_0056.wav,-31.913489354694292
data3_audio,HC_A2_0082.wav,-27.59068073577809
data3_audio,HC_A2_0065.wav,-39.81598756533397
data3_audio,HC_A2_0087.wav,-40.99308354642657
data3_audio,HC_A2_0072.wav,-33.69778064695601
data3_audio,HC_A2_0144.wav,-37.213199786559294
data3_audio,HC_A2_0133.wav,-35.80640919933623
data3_audio,HC_A2_0134.wav,-27.73071887215541
data3_audio,HC_A2_0142.wav,-19.760334937909214
data3_audio,HC_A2_0131.wav,-19.654770564047876
data3_audio,HC_A2_0141.wav,-23.127492525662824
data3_audio,HC_A2_0135.wav,-37.02392438515862
data3_audio,HC_A2_0129.wav,-26.94248947471949
data3_audio,HC_A2_0130.wav,-26.146215597169142
data3_audio,HC_A2_0138.wav,-31.113999325810408
data3_audio,HC_A2_0132.wav,-17.933229627664858
data3_audio,HC_A2_0140.wav,-30.46159936128645
data3_audio,HC_E1_0132.wav,-27.35024798420578
data3_audio,HC_E1_0135.wav,-29.48062848712012
data3_audio,HC_E1_0138.wav,-28.47386412996362
data3_audio,HC_E2_0056.wav,-30.896543157988575
data3_audio,HC_E2_0138.wav,-27.666956836179413
data3_audio,HC_E2_0133.wav,-32.53620921562202
data3_audio,HC_E2_0140.wav,-29.877026112673338
data3_audio,HC_E2_0135.wav,-36.251827915080526
data3_audio,HC_E2_0141.wav,-23.20946268085694
data3_audio,HC_E2_0134.wav,-29.37380897046306
data3_audio,HC_E2_0130.wav,-24.4832946123542
data3_audio,HC_E2_0132.wav,-17.894497708096797
data3_audio,HC_E2_0142.wav,-22.30650149809724
data3_audio,HC_I1_0135.wav,-30.70173316508398
data3_audio,HC_I1_0132.wav,-27.595148247622365
data3_audio,HC_I2_0131.wav,-17.83880950168028
data3_audio,HC_I2_0130.wav,-22.727818090044863
data3_audio,HC_I2_0135.wav,-40.03744326287013
data3_audio,HC_I2_0134.wav,-31.515098616340307
data3_audio,HC_I2_0132.wav,-20.537288470846992
data3_audio,HC_I2_0133.wav,-29.961178350922683
data3_audio,HC_I2_0144.wav,-35.500903490552645
data3_audio,HC_I2_0138.wav,-30.87426672001253
data3_audio,HC_I2_0140.wav,-32.94550286651341
data3_audio,HC_I2_0142.wav,-23.883362567814263
data3_audio,HC_I2_0141.wav,-21.096926431988507
data3_audio,HC_O1_0132.wav,-21.984161393853935
data3_audio,HC_O1_0131.wav,-17.475029865906336
data3_audio,HC_O2_0132.wav,-16.135035884258485
data3_audio,HC_O2_0140.wav,-27.248471594990747
data3_audio,HC_O2_0131.wav,-21.674485189431614
data3_audio,HC_O2_0134.wav,-28.64300748831477
data3_audio,HC_O2_0141.wav,-19.275979773002934
data3_audio,HC_O2_0138.wav,-31.23407953382032
data3_audio,HC_O2_0144.wav,-37.72947255417307
data3_audio,HC_O2_0142.wav,-23.538784414526564
data3_audio,HC_O2_0135.wav,-37.208648647891515
data3_audio,HC_O2_0130.wav,-23.812397240080553
data3_audio,HC_O2_0133.wav,-33.17088084533543
data3_audio,HC_U1_0132.wav,-22.57896896740306
data3_audio,HC_U2_0144.wav,-38.01466962457377
data3_audio,HC_U2_0130.wav,-22.618297570778257
data3_audio,HC_U2_0131.wav,-16.83027823587437
data3_audio,HC_U2_0134.wav,-29.021975778220654
data3_audio,HC_U2_0140.wav,-30.921820259977892
